channel,current_budget,optimized_budget
calls,7968.0,0.0
media_spend,28912.0,28911.999999121566
impressions,330961.0,5.43937607501661e-07
email_open,2160.0,5.002515308660804e-07
