channel,marginal_roi
calls,0.4208723594330806
media_spend,0.5495008125163571
impressions,0.1748418948183874
email_open,0.313431001447477
