metric,value
RMSE,1.6674567231288506
R2,-0.048678224177182594
