feature,coefficient,ci_lower,ci_upper
Intercept,1.2503525314614414,1.2068692300114905,1.2938358329113924
calls_sat,0.483584528198895,0.42560163301438453,0.5415674233834056
media_spend_sat,0.5962037508359759,0.5661147468245536,0.6262927548473981
impressions_sat,0.1893145670738315,0.16902248771531975,0.20960664643234328
email_open_sat,0.277094038838296,0.18086742031487907,0.3733206573617129
Group Var,0.3187604683098883,0.29972238389986094,0.33779855271991566
