channel,optimized_budget
calls,0.0
media_spend,28911.999999121566
impressions,5.43937607501661e-07
email_open,5.002515308660804e-07
